PostalCode,n,mean,std,ci_lower,ci_upper
9744,50,175.1040789473676,303.0099451791744,91.11400724212959,259.09415065260566
1423,120,171.01085689571093,328.4395057373318,112.24557304677082,229.77614074465106
4319,54,170.421530214425,330.4761714389563,82.276193288814,258.566867140036
3635,108,169.4900584795321,312.7818364773283,110.49906383351384,228.48105312555037
3276,88,165.28060577120922,300.23136626469466,102.5512542583538,228.00995728406465
4140,70,163.8336403508768,295.41326965505334,94.62870762300463,233.03857307874898
4270,128,160.6973026315786,306.98311054295596,107.515192033786,213.8794132293712
3010,72,158.9147548025527,314.8540861458369,86.18717139920123,231.64233820590414
3245,70,158.27797099892555,276.1667716434904,93.58181542142522,222.97412657642587
4180,88,157.28193162525056,285.88739266210894,97.54956265090325,217.01430059959787
3200,64,156.91312499999964,279.91442410550854,88.33409109415004,225.49215890584924
3925,60,154.23290341444968,292.17423811848715,80.30262079743194,228.16318603146743
4470,70,152.13340100250585,270.6100943256107,88.7389793668267,215.527822638185
4111,126,151.9266979949871,255.0940864299453,107.38454659704921,196.468849392925
4342,71,150.39299851741993,278.04223189976676,85.71781599712261,215.06818103771724
4182,55,149.67576580748022,288.66240662970665,73.38623310704199,225.96529850791845
4220,72,149.61645782242306,277.9114460475189,85.42218891970013,213.81072672514597
0738,60,148.25208588002232,243.31796934146672,86.68414493131183,209.8200268287328
4089,605,148.1210227200228,277.5904157329848,126.00113840395905,170.24090703608658
4100,73,147.17056825669974,280.3529249296904,82.85742546771893,211.48371104568054
5900,99,146.63057504873254,275.81995809647924,92.29751538305865,200.96363471440642
3629,248,144.57241511035608,278.23018833880246,109.94385124112753,179.20097897958462
3607,72,144.33633406432708,283.9636164205916,78.74408512911678,209.92858299953735
4074,437,142.97947499404705,269.08307338314705,117.75037649748201,168.20857349061208
3297,170,140.16207205632648,250.25565230276996,102.54235663515895,177.781787477494
9725,100,139.7568771929821,218.36608415498515,96.95712469860501,182.5566296873592
3660,221,139.3972828054293,282.14434787941303,102.1982807529601,176.59628485789852
1405,123,138.79409881706573,386.7710230962376,70.44112014641955,207.1470774877119
0112,50,138.658175438596,255.14082538597796,67.93674678571652,209.37960409147547
1828,50,138.5026666666664,232.63248030955265,74.0202329610232,202.98510037230963
6120,56,138.3611380571963,263.96373356893594,69.22480830879168,207.49746780560093
1820,60,138.3223710149024,258.9974748354527,72.78696777406685,203.85777425573792
5611,56,137.76795895989943,260.5313650614256,69.53062150011273,206.00529641968615
4430,90,137.04509781906924,300.6293177482814,74.93443728594187,199.1557583521966
4990,90,136.916631578947,225.77562643613348,90.27090389256593,183.5623592653281
1688,110,135.56268181818143,225.63724801881347,93.39589357183294,177.72947006452992
3203,105,135.50604010025037,251.02419468115303,87.4910322396183,183.52104796088244
8447,100,134.77561403508741,210.06886113365397,93.60211725289123,175.9491108172836
1577,81,134.7591829633818,259.67348645905383,78.20806813452117,191.3102977922424
1794,77,134.6713305992249,220.24449216880495,85.47691959157513,183.86574160687465
4980,108,134.4870614035085,214.6848168069631,93.99727139052946,174.97685141648753
0118,111,134.23439917591583,252.27405938673348,87.30260282069548,181.16619553113617
9334,110,134.22874003189753,208.84802548695035,95.19949932053257,173.2579807432625
3600,154,133.86406641603975,225.05091631928332,98.31923191281334,169.40890091926616
6390,117,133.31636227320394,233.55279632597805,90.99611350255341,175.63661104385446
4075,65,132.4978725660302,265.2545037208533,68.01235950951803,196.98338562254236
1742,132,132.1563171185535,212.34342407879126,95.93135650773567,168.3812777293713
7130,92,132.00355854309663,253.26063593670287,80.25123529915417,183.75588178703907
0084,297,131.89522476224195,258.87738501578076,102.45290943142992,161.33754009305397
9830,56,131.7608946473322,244.0118093553884,67.85029342190575,195.67149587275867
7806,125,130.8848050626564,241.37907528892907,88.56918744039693,173.20042268491585
0807,108,130.43935900458993,329.9278442743954,68.21460863429806,192.6641093748818
5252,110,130.207106082655,284.88390102287843,76.9683822695379,183.4458298957721
4457,52,130.1638713450291,257.4058239250076,60.200171435077024,200.12757125498115
4275,144,130.00113021128053,257.60017780190327,87.92643450363633,172.07582591892472
0054,230,129.75462003887657,232.27802276115963,99.73533988776917,159.77390018998398
5365,54,129.5949707602335,250.77455564592813,62.707825452500614,196.4821160679664
1819,135,129.21561078622446,242.07747430980953,88.37957585449249,170.05164571795643
7655,55,129.01902711323746,225.55951175705795,69.40672792611474,188.63132630036017
0172,150,128.87827522974055,249.59801401922465,88.93427391934324,168.82227654013786
4800,93,128.32121319876723,247.03993835551498,78.11219058097242,178.53023581656203
3306,50,128.14695336728866,266.5310995419335,54.268301797071175,202.02560493750616
2095,130,127.74742245191082,243.03070695500085,85.96962447925375,169.5252204245679
4490,88,127.10576455342874,252.72215573180037,74.30283080529384,179.90869830156365
7195,64,126.61028689888752,259.07835756971497,63.136089294307354,190.0844845034677
5320,220,126.47340778081534,230.1334815514861,96.06283930521633,156.88397625641434
5720,108,126.27558715336693,214.51205085599622,85.81838098669841,166.73279332003546
7101,221,125.90403142154476,246.55604326189365,93.39712909200463,158.41093375108488
8601,60,125.73654970760201,196.7287704317915,75.95730260292555,175.51579681227847
6025,171,125.36475393527644,230.24434576401305,90.85459257398415,159.87491529656873
0268,192,125.30696204135971,244.58032015685936,90.71087618950304,159.90304789321638
2940,50,125.27388431360617,239.79902231710176,58.80498651109403,191.74278211611832
6001,120,125.20803435672474,217.23771062714195,86.33927616931138,164.0767925441381
1841,177,125.04256219645116,219.51678721595155,92.70277364305198,157.38235074985033
4260,122,124.99508846398759,253.9401912868902,79.93338571404419,170.05679121393098
1725,90,124.7720540841348,281.1931020033839,66.67695732642986,182.86715084183973
4250,180,124.67743859649086,203.03775351378025,95.01569896458778,154.33917822839393
2028,70,124.32189240959511,231.14816150194707,70.172012867649,178.4717719515412
0187,220,124.24584928229626,207.29608591581456,96.8530867300286,151.63861183456393
1900,60,124.11387832484395,240.68093809309892,63.21319834587946,185.01455830380843
6875,96,124.05279057017505,233.7170729204082,77.29963878890746,170.80594235144264
1930,50,123.9969561403504,228.9041216467999,60.5479707304134,187.44594155028742
5920,144,123.91393274853759,210.14200092257067,89.59073926451771,158.23712623255747
9600,96,123.77466934697833,227.07707748440046,78.34979329057538,169.19954540338128
2930,121,123.48906686871773,237.20499645090553,81.22344931928365,165.7546844181518
3830,80,123.47089399405726,260.99128540090317,66.2786569362934,180.66313105182113
2375,60,123.33891081871307,189.06160219111692,75.49972495473855,171.1780966826876
1687,121,123.3116775409595,201.4238281830515,87.42161361016122,159.20174147175777
5040,169,123.17027510718606,240.39663853380483,86.92585883593549,159.41469137843663
0939,70,123.0702738990328,219.30260878977032,71.69539048210126,174.44515731596434
7690,152,123.0662082998239,236.86083654770408,85.41078481513388,160.72163178451393
4691,312,122.81220001124574,230.99030342180725,97.18078847513453,148.44361154735694
7620,212,122.40782618445037,201.7411133145392,95.25077854985932,149.56487381904142
0942,189,122.28401827447914,216.1491930066408,91.46783930338644,153.10019724557182
1821,209,121.95936526375328,230.95101664883956,90.6479421662802,153.27078836122635
1129,305,121.86580903695824,218.5616929759154,97.3367890137639,146.39482906015257
0264,170,121.23200860547918,212.61008140467013,89.2713688176584,153.19264839329995
1389,55,121.16603168527338,247.15925521322063,55.845215223735266,186.4868481468115
5209,272,120.86961671181587,265.25350579098773,89.34623854996894,152.3929948736628
1185,192,120.67435802207098,247.58802959610748,85.65282921588776,155.69588682825417
3968,108,120.64567982456091,207.69785506636615,81.47363839722063,159.81772125190122
1940,72,120.48915200748246,222.08851981552363,69.1893212016375,171.78898281332744
1837,178,119.99005162132833,231.3270244908424,86.00621228743475,153.97389095522192
1520,397,119.83596285739496,262.5062620267306,94.01333206384821,145.6585936509417
1781,80,119.78013221561923,217.6952783030582,72.07555103031467,167.4847134009238
0168,362,119.69356144050761,222.7262157245462,96.74935063201868,142.63777224899653
5170,188,119.68178708395864,228.98053059017525,86.94954879919374,152.41402536872354
6139,150,119.66434057724916,213.8642358275368,85.43893477941185,153.88974637508647
7395,108,119.37224454505397,194.14454942191202,82.75637130737707,155.98811778273088
1833,60,119.31170632899418,213.12892935566006,65.38264645501427,173.2407662029741
7406,90,119.03121832358633,224.41692503105995,72.66620125574535,165.3962353914273
9459,90,119.03001448992822,223.70778205006732,72.81150787985557,165.24852110000086
9752,120,118.86463450292366,191.97760924723775,84.51548191018634,153.213787095661
0121,100,118.78185087719261,217.80178145379472,76.09270171224884,161.47100004213638
2008,130,118.35283572392463,258.42210340523866,73.92920480500467,162.77646664284458
1052,99,118.20565390749572,192.59037168884058,80.26777505268177,156.14353276230966
6211,393,117.94686573056586,217.4611172239974,96.44671963031347,139.44701183081827
3105,292,117.78340242730076,225.0931046937009,91.96515033199707,143.60165452260443
0317,254,117.5235170603671,177.38678221533846,95.7082532742318,139.3387808465024
1494,230,117.31652212051837,226.4585964961046,88.04933631433757,146.58370792669916
0193,138,117.2001558182893,224.16979625250949,79.79825921876318,154.60205241781543
9750,280,117.16852911512605,198.86251872334444,93.87528428828715,140.46177394196496
5140,178,117.14954516478723,231.13991870819672,83.19319320669796,151.1058971228765
3969,198,116.99715189529661,242.53046476436197,83.21480826242683,150.7794955281664
1757,65,116.94573549257738,196.6057394662287,69.14929169429624,164.74217929085853
1280,110,116.75996025621185,218.4954039685281,75.92783030941735,157.59209020300636
1801,77,116.71544750675353,230.62810153990236,65.20172516416633,168.22916984934074
5219,1142,116.65919577830626,236.7890590779702,102.92558764960185,130.39280390701066
4399,253,116.54938660633773,231.75134048409632,87.99202599905078,145.1067472136247
3973,489,116.39759049976631,222.03016672218854,96.71811013036718,136.07707086916542
1864,251,116.0471227500053,211.6959573512866,89.85734727604688,142.23689822396372
9868,100,116.042377192982,179.13468996504216,80.93197795983374,151.15277642613026
4450,538,115.91686748996858,218.6523459128602,97.44039436025174,134.39334061968543
1830,457,115.82439471744065,207.70291736430372,96.78116668280184,134.86762275207946
0220,130,115.60693859649089,182.47498535973983,84.23887334688314,146.97500384609864
2069,320,115.4233722065998,219.05640237762725,91.42194688207667,139.42479753112292
6201,150,115.2613380116955,220.0232559235445,80.05028371920812,150.47239230418288
1861,50,115.24467555555513,218.0946131371921,54.79193303884556,175.6974180722647
3370,643,115.22541206888067,214.80521744604863,98.62207400638063,131.82875013138073
1133,150,115.18173520467788,199.63108339519735,83.23410818501891,147.12936222433683
7532,120,115.11875438596431,206.21768728636332,78.2217285520904,152.01578021983823
1928,206,115.02023328018045,229.97049166601147,83.61553864428969,146.4249279160712
1631,70,114.96452595775106,231.31141262499614,60.77640242290121,169.15264949260091
3270,120,114.9542941520464,217.69686907600476,76.00338209426204,153.90520620983077
1693,90,114.70842070678448,209.7385319816059,71.3759910615375,158.04085035203144
0600,70,114.6120721446469,212.98090301348435,64.71814191402322,164.50600237527058
1459,401,114.57494024206567,200.96946879150522,94.9045049962074,134.24537548792395
6200,365,114.56958419708826,235.33518681434637,90.42629114233854,138.712877251838
0984,100,114.48602807017488,199.7964374473054,75.32592633050302,153.64612980984674
7200,66,114.28540026753058,216.45403532926164,62.063846390673504,166.50695414438763
4240,310,114.20093123254246,225.45017213706657,89.10370094607863,139.29816151900627
2189,80,114.0812192982454,188.3551636286342,72.80607421914664,155.35636437734416
0004,77,113.94773654916482,238.29188309265624,60.722211037896976,167.17326206043265
1491,248,113.7759547951234,313.7328111584642,74.72873007109669,152.8231795191501
1625,209,113.61658952134106,274.79097746856417,76.36151836498017,150.87166067770193
3380,409,113.57551369188508,210.04473787122234,93.21886774494975,133.9321596388204
1747,99,112.99413255360578,206.58664987748116,72.29916308370743,153.68910202350412
8306,99,112.97350877192936,211.50464957574567,71.30975527028193,154.6372622735768
1983,624,112.84206241172386,197.27899431728966,97.36300105089344,128.32112377255427
2570,100,112.80700631578898,198.0593477140706,73.98737416383113,151.62663846774683
0950,171,112.80370883348678,190.36029240565009,84.27156666120958,141.33585100576397
5130,160,112.78371180378652,218.77369334583148,78.88437681188404,146.683046795689
5601,178,112.44726044905632,209.74496749794275,81.63400249862175,143.26051839949088
3900,689,112.37402874830657,212.03149286277903,96.54162590879879,128.20643158781436
5670,220,112.27439742501367,251.8197610044098,78.99813517101256,145.55065967901479
1860,70,112.19903039857672,217.6820966745882,61.203775940245556,163.1942848569079
1829,66,112.12623737373701,280.87062085815876,44.36358172604261,179.88889302143141
5319,235,111.98428807992833,223.9476987157903,83.35116340939557,140.61741275046109
6500,336,111.94623871506697,235.90259065853553,86.7219375540588,137.17053987607514
0008,1024,111.94326907085171,198.76551936726977,99.76888100960645,124.11765713209698
1150,310,111.92627672198147,176.92400540931396,92.2310045255976,131.62154891836533
5600,255,111.89058037884058,199.5190201433753,87.40162361717196,136.3795371405092
0925,99,111.75782296650681,198.97416926184545,72.56241635039021,150.9532295826234
4480,120,111.6834976608183,207.1021592411555,74.62821971484507,148.73877560679153
2870,497,111.32578703199829,202.2831619984988,93.54145284238894,129.11012122160764
1948,230,111.27545405018475,219.15590374355241,82.95205783283535,139.59885026753415
7786,327,111.22910150672588,217.0445544808491,87.70402258078884,134.7541804326629
6708,84,111.19590636537541,227.0269644915547,62.64538805170735,159.74642467904346
0007,108,110.71103439602531,287.71242096538606,56.448158789460884,164.97391000258975
3934,84,110.70994987468632,295.5188065686693,47.51220919010244,173.90769055927018
1474,110,110.68601322220465,205.7088335870144,72.24342051010183,149.12860593430747
1449,170,110.5816825151109,199.88127536259978,80.5345022497731,140.6288627804487
1982,210,110.51608327269747,189.64863800123032,84.86556455437388,136.16660199102105
1448,158,110.51494432027353,208.18071867869702,78.05348563499746,142.9764030055496
1058,180,110.41524139051297,195.31335460038164,81.88195745424797,138.948525326778
1496,950,110.17324435518586,255.50216346820295,93.92565812374572,126.420830586626
7612,333,110.03627439469504,209.4763772001744,87.53697426764062,132.53557452174945
1869,80,109.84620833333278,216.5785911218527,62.38633201581247,157.3060846508531
2146,54,109.78600649772545,261.86727023380024,39.94018776881903,179.63182522663186
1745,110,109.56071770334881,202.69758597851356,71.6808629318115,147.44057247488612
5160,166,109.46602621010308,188.4378739231585,80.79981984804823,138.13223257215793
3135,362,109.38573689056865,234.2090868659394,85.25861451822198,133.51285926291533
6600,327,109.34889577409325,213.21294097528732,86.2391187217629,132.4586728264236
4084,76,109.23208608852309,223.08711635407718,59.075985463393835,159.38818671365235
0199,110,108.92862440191354,230.0660826371953,65.93418144353882,151.92306736028826
8040,314,108.87459114342033,205.18992148193146,86.17869828446914,131.57048400237153
1835,80,108.85212499999946,216.84377290699345,61.33413816167814,156.37011183832078
0147,58,108.32042200885935,214.83495402977601,53.03036753308392,163.61047648463477
2188,344,108.2583439280868,286.3869055686148,77.99408757620412,138.52260027996948
3107,144,107.9356944444441,167.9671850487675,80.50105421981208,135.37033466907613
2865,948,107.69419707788637,195.18068703876486,95.26941600612497,120.11897814964777
0017,160,107.64967982456105,202.65384628168988,76.2481410132156,139.05121863590648
3310,294,107.6113002091851,269.0672940585849,76.85434661982175,138.36825379854844
1806,66,107.59145933014318,177.46599351166114,64.77613400076443,150.40678465952192
6205,120,107.45103615984368,205.8454268697896,70.62061616559484,144.28145615409252
3615,110,106.98245181134621,213.12291116217543,67.15432616131397,146.81057746137844
9445,80,106.66071030701725,201.01075352603183,62.61228681593631,150.7091337980982
2057,90,106.51580204992726,255.62646186284087,53.70282786973986,159.32877623011467
2882,112,106.23807179238382,221.61139712460414,65.19506667813442,147.28107690663322
0132,100,105.8011052631573,226.09939798269184,61.485623258549694,150.11658726776488
5253,231,105.74135418213139,508.32514930613235,40.1884890411085,171.29421932315427
0301,90,105.43153067929627,190.91411337395814,65.98826621138596,144.87479514720658
1570,66,105.41791848307604,257.23124674875373,43.35848221307364,167.47735475307843
7490,1229,105.07164955761617,196.80917862882393,94.06828558912161,116.07501352611072
9700,90,104.8457217506125,269.4782679240527,49.170934788881894,160.5205087123431
0035,204,104.61902046783584,178.7604461804291,80.08818059319108,129.1498603424806
7579,165,104.56242448251575,178.91708931259834,77.26221851854285,131.86263044648865
4302,252,104.46482029446341,213.1910203645738,78.14246728474753,130.7871733041793
3180,263,104.35796465692998,229.70784814241404,76.59575494099386,132.1201743728661
6506,336,104.32741822634509,194.46681599897204,83.53371045532384,125.12112599736633
0485,80,104.2984331140348,168.42411622962618,67.39087136593736,141.20599486213223
1055,352,104.21487360446527,189.66853553534588,84.40051445780017,124.02923275113037
7437,340,104.15440144478784,242.3248480204253,78.39625773605334,129.91254515352233
6280,166,103.90930891648051,229.5180546275179,68.99375939986491,138.8248584330961
5362,234,103.35089248523933,205.82928942951565,76.97814858768454,129.7236363827941
8345,210,103.21116583124429,164.45957814344192,80.96753923821495,125.45479242427362
0399,130,102.87641228070129,153.80589049187802,76.43666110487945,129.31616345652313
7310,81,102.86528822055102,201.25873532878776,59.03560808228169,146.69496835882035
2230,121,102.8213476873999,161.23777498464707,74.09170778104462,131.5509875937552
1862,881,102.68169299727617,224.73419053844262,87.84157797227472,117.52180802227763
6231,243,102.52496423672306,198.80969840944226,77.52781396198623,127.5221145114599
7220,405,102.48917933723156,181.08721606049545,84.85251896087111,120.12583971359201
2197,367,102.31672961299222,278.0997527260524,73.86401931620354,130.76943990978089
3613,1218,101.98674679156404,373.4122381278209,81.01565821876616,122.95783536436193
0101,181,101.96123824755225,180.14034062076405,75.71737515302087,128.20510134208362
0982,125,101.95210336486326,194.60514375775332,67.83631747612837,136.06788925359814
3880,1012,101.58902795961716,194.88181447180338,89.58195555164635,113.59610036758797
0607,66,101.18495215310963,149.97035760464766,65.00320530940044,137.36669899681883
1575,220,101.14812211889652,200.80213452614984,74.61349090884481,127.68275332894824
4960,549,101.07629819819502,208.0203812694158,83.67523488580589,118.47736151058415
2190,165,100.96488410419941,212.71379893843323,68.50778039929669,133.42198780910212
0556,542,100.81627976097212,169.02395416052173,86.5862867920921,115.04627272985215
0151,90,100.36764327485344,150.42181811504847,69.29017367974768,131.4451128699592
3920,179,100.36700907070309,197.578620133433,71.42227899471763,129.31173914668855
7500,228,100.25193042027777,180.45465946178342,76.82816294712977,123.67569789342578
0195,121,100.08608452950527,163.40457918333135,70.97035951138442,129.20180954762614
3974,90,100.07720214424911,203.98226777200946,57.934029005783,142.22037528271522
2868,250,99.93017768671645,182.71070005368912,77.28112465661899,122.57923071681391
3742,50,99.73841720430055,261.53316816149,27.245121533121576,172.2317128754795
0951,56,99.39906798245563,178.4413514609267,52.66241992647653,146.13571603843474
5321,140,99.32607223415647,208.13655402083145,64.84820337188992,133.80394109642302
1475,534,99.22184092207638,231.0878950189124,79.6215444973916,118.82213734676117
7798,233,99.12038777200466,179.64697049563446,76.05302165454077,122.18775388946855
0486,140,99.02895739348335,158.1832903997033,72.82585833546327,125.23205645150344
0194,73,98.99947608747874,175.32903571056033,58.7788815938223,139.2200705811352
0292,163,98.77504411020912,158.69982917609738,74.41159738596664,123.1384908344516
8577,60,98.66693784191621,169.45954734408883,55.78775620024199,141.54611948359042
1068,56,98.5951020408157,235.6080429110044,36.88558185092391,160.30462223070748
3602,121,98.33342830216003,212.67042687156814,60.43942496868062,136.22743163563945
1710,188,98.31864726998482,190.40776252740199,71.10029714103607,125.53699739893358
1124,171,98.26993955129245,186.91341000195382,70.25443316240546,126.28544594017944
4930,201,98.18311332227702,181.42104213532522,73.10206413012568,123.26416251442836
1050,1422,97.74598033824826,215.07500508568003,86.56715385816533,108.92480681833119
6625,153,97.28720006583997,189.0195120527671,67.33580927265001,127.23859085902993
6850,90,96.65319886289748,176.82793403697386,60.120169196972604,133.18622852882237
5500,63,96.30805346700024,237.56938144005167,37.643433241710326,154.97267369229013
9762,92,96.21775617602881,177.58564305666192,59.929173195258294,132.50633915679933
0530,172,95.81049826601347,160.81064283535846,71.77757300188736,119.84342353013957
4093,581,95.79105582998598,1118.973720442576,4.802265295163352,186.7798463648086
9306,180,95.6857261208573,176.49523900275392,69.90157644932894,121.46987579238565
6848,117,95.67622146764708,163.3102578310192,66.08406565992378,125.26837727537038
7442,80,95.07280259620799,227.4963046470723,45.220476817764215,144.92512837465176
6242,484,94.91148173227282,201.20162040986168,76.98624645939424,112.8367170051514
8570,251,94.58419838848678,163.7065596682432,74.33138820274041,114.83700857423315
1513,72,94.30985313305635,205.37968983307573,46.869565142730174,141.75014112338252
0812,343,94.30727501150794,163.09667834626632,77.04674498891139,111.5678050341045
3950,2001,94.26085136124601,183.1374820250565,86.23650316048902,102.285199562003
2574,150,94.04299833993538,189.61447802738866,63.698362031198755,124.387634648672
1812,200,93.98400772495715,179.14860530099108,69.15527776986232,118.81273768005198
2061,80,93.70600767543809,162.65526876324097,58.0626003658338,129.34941498504236
0269,622,93.62098683655901,171.77097066146507,80.12170548995012,107.12026818316791
0473,253,93.5989032906756,165.45305751335258,73.21109186694302,113.98671471440817
4700,55,93.10164572036115,187.78241894268535,43.47331635888519,142.7299750818371
1424,230,93.02906550035632,191.6567346456587,68.25962265000787,117.79850835070478
5180,275,92.81481290322536,181.9383911408581,71.31106923749284,114.31855656895787
7380,439,92.57372252022722,207.8318059144146,73.13195155571044,112.015493484744
0621,220,92.5245339429949,250.99304224222047,59.3575169294435,125.69155095654631
5410,610,91.98790448446124,168.346518510718,78.62824794057663,105.34756102834585
8575,180,91.67938831509738,191.99820867627596,63.630413299418976,119.72836333077579
0743,66,91.48990340587507,159.65089410555512,52.972636886267836,130.0071699254823
1466,180,91.33026023391773,270.9142415976912,51.75245976194879,130.90806070588667
0116,100,90.87448798245585,171.3867753914202,57.28268000573749,124.4662959591742
1559,715,90.58340210666488,174.700542637573,77.77787958170438,103.38892463162537
8165,99,90.56821371610792,152.11280022789916,60.60390689896221,120.53252053325363
1744,236,90.56019763619877,347.8273895482107,46.1825939627061,134.93780130969142
0250,772,90.54153073107685,161.67015917128927,79.13700348531768,101.94605797683602
1120,554,90.42827821635687,183.00498481897014,75.18901015268334,105.66754628003041
9431,197,90.32340808218308,168.58165595846776,66.7819545707127,113.86486159365346
5247,829,90.26634780257402,790.9057908444498,36.426532490773134,144.1061631143749
5608,135,90.25335347209078,185.22606396032464,59.007579615119695,121.49912732906186
1360,110,90.2260438596487,151.31196989531355,61.94906455000229,118.5030231692951
6059,88,90.22398518289835,161.34610439243292,56.512862245997624,123.93510811979907
2380,262,90.07822722127851,184.93488504672706,67.68460912698052,112.4718453155765
1034,599,90.01346869817793,201.81440779639956,73.85147890999508,106.17545848636078
1692,216,89.6087534519165,167.80436028746618,67.2301780001347,111.9873289036983
1571,60,89.15015704583993,170.64410866901844,45.97124003361015,132.32907405806972
0414,132,88.9404226475274,150.2675583251836,63.30536281448202,114.57548248057279
0628,132,88.89055821371572,160.6731031786226,61.48035298078237,116.30076344664907
0727,372,88.8561454442553,170.3546094859051,71.5444943451235,106.16779654338711
1240,110,88.642559808612,154.82541579264185,59.70899241136718,117.57612720585684
4400,148,88.638110765689,156.78273875941932,63.37868575626026,113.89753577511775
1064,616,88.44660698897131,156.87289846047574,76.05825215572935,100.83496182221327
1743,300,88.34173783625695,144.54707619393344,71.98469633943336,104.69877933308055
1851,108,88.17978557504846,156.37191042583356,58.68787314621845,117.67169800387846
7755,126,88.10086614385374,161.20803791061186,59.95222133726026,116.24951095044722
0617,399,88.03699960852855,143.70521544163154,73.93625153014943,102.13774768690766
1123,268,87.90330191149484,164.02238706932224,68.26554849904599,107.54105532394368
1709,1076,87.78897102306864,436.27182924808716,61.721007386151086,113.8569346599862
0310,110,87.60808931419433,173.70359711081278,55.14659254753478,120.06958608085388
0699,787,87.60368775150668,195.45268356937902,73.94810171464401,101.25927378836936
0970,72,87.59087719298199,154.96723061646654,51.795273180318326,123.38648120564565
7503,282,87.46515786864747,187.6065275427561,65.56841783690281,109.36189790039212
5480,90,87.28128492527573,156.31539475682564,54.9861897809882,119.57638006956326
0022,384,87.26916464337886,166.28473709660335,70.63722702914816,103.90110225760955
1560,50,87.06708771929787,304.4725733495235,2.6715961693973895,171.46257926919836
2860,60,87.00345614035061,151.26593094895756,48.72789462131086,125.27901765939035
8530,88,86.8776794258369,151.21785622510845,55.282719258343135,118.47263959333067
2534,130,86.77678646834167,169.2559194791991,57.68112321543606,115.87244972124728
8309,120,86.5712499999995,127.01709893735222,63.845007442894094,109.2974925571049
0623,180,86.47551315789435,147.45990672581055,64.9331286321079,108.01789768368081
0337,60,86.43314035087691,151.93437328161752,47.988439585047416,124.8778411167064
1740,162,86.37417429974738,211.62932566676938,53.784920821665,118.96342777782976
4309,547,86.26603035423624,999.571309029551,2.4984077161872165,170.03365299228525
4730,184,85.3455863075461,151.68002112222976,63.42886726414598,107.26230535094622
1061,736,85.34286706065396,252.49653594763194,67.10086130125143,103.58487282005649
1824,132,85.00254109430418,163.6861234488673,57.07832634549945,112.92675584310891
1629,81,84.84300114583496,180.70408025075847,45.489668113447564,124.19633417822236
1072,300,84.66514554109247,239.7375630316521,57.53628641705939,111.79400466512556
2125,169,84.46445335422895,167.68872019003658,59.18215400250036,109.74675270595753
3865,132,84.10201754385933,140.38263647336873,60.15328685557775,108.05074823214092
4070,306,83.73065393876809,224.28333787040305,58.600660863103336,108.86064701443283
3780,707,83.56262248509564,1803.6695877745158,-49.39197116527471,216.51721613546601
0351,100,83.48281298245587,140.59218429413195,55.92674486080601,111.03888110410573
3838,104,83.41054805515621,180.7519168268653,48.67114805519096,118.14994805512146
7600,334,83.39241971913518,161.20493174802857,66.10376654671725,100.6810728915531
5470,135,82.76964904235854,152.78349110134434,56.996610896637776,108.5426871880793
0821,126,82.42023598422553,139.36135786695917,58.08625479318365,106.7542171752674
0739,706,82.38395052339227,159.40820058509573,70.625113251906,94.14278779487854
0362,133,82.30083983302873,139.2596376514227,58.63316948169517,105.96851018436229
2193,154,82.2622869674182,149.40801556997158,58.664590616092255,105.85998331874416
7525,132,82.16338698387328,123.58961858313575,61.07947970253048,103.24729426521608
8566,127,81.90406576830662,124.87767766669043,60.18510581727884,103.62302571933441
2791,200,81.87899310979013,138.24993111600628,62.718530206812716,101.03945601276754
1053,683,81.70027841041026,153.64327889788217,70.17744491530256,93.22311190551797
2881,80,81.38737563667182,148.66097280840683,48.810603638188965,113.96414763515467
0462,64,81.24729047290566,160.7433738539278,41.86516387869335,120.62941706711797
2880,464,81.18995524468518,164.444767311134,66.22700817281424,96.15290231655612
0153,66,80.7844848484843,160.93919619958132,41.956403438729524,119.61256625823907
1365,88,80.7422955574415,133.15824875248612,52.92065021520666,108.56394089967633
0431,280,80.73558283207973,135.8946581697658,64.81791486865798,96.65325079550148
0561,100,80.65718347953178,134.5765869708337,54.28017243324838,107.03419452581518
9870,220,80.4692917065386,129.92455869453107,63.300648264458346,97.63793514861885
0149,50,80.2850789473681,140.0075939420882,41.47695386249536,119.09320403224086
1062,306,80.15353743836671,169.3788048715591,61.17536351781375,99.13171135891967
1054,459,80.11304055345289,232.6751917197013,58.826758668636444,101.39932243826934
0790,400,80.03965684776415,207.42980065616754,59.71153638345973,100.36777731206857
2735,852,79.9260680492117,153.0678394571333,69.64779321670704,90.20434288171634
9781,430,79.8300241968382,143.96300697294967,66.2226993497665,93.43734904390989
4454,197,79.67192208442582,160.93143566432914,57.198777603276866,102.14506656557477
1245,231,79.63025974025929,132.0385982315668,62.60275591697131,96.65776356354726
0370,850,79.57808313059648,146.23561265547298,69.74703646879475,89.40912979239822
4126,664,79.57406731637889,1029.2340515377755,1.287693399140366,157.8604412336174
1098,253,79.32760665002381,130.82955145636248,63.2062471307017,95.44896616934592
4066,2741,79.2064137718239,1653.33071611098,17.310598475643374,141.10222906800442
4405,1216,79.1040655480839,451.29485228854446,53.73820131428701,104.46992978188078
5120,148,78.94157761311484,154.04862909958422,54.12264776575961,103.76050746047008
0457,108,78.88609161793345,129.16845586806915,54.5247803142957,103.2474029215712
3217,144,78.67704602774069,152.02364970083457,53.84651657660437,103.507575478877
8271,220,78.59114192004895,123.60539918301963,62.257532266783386,94.92475157331452
7580,1129,78.54101580948587,606.4732251138689,43.164037723633136,113.91799389533861
2610,55,78.39745614035046,125.79502356299133,45.151549007136666,111.64336327356425
0308,1379,77.87068201379864,1065.1493951811212,21.651507635633337,134.08985639196396
1023,54,77.7646881091614,185.47285528098965,28.294957059829947,127.23441915849284
0476,153,77.6583493865378,167.7028279106586,51.08472806392531,104.23197070915027
2415,66,77.58205741626745,123.16568010349623,47.86718890147859,107.29692593105631
0355,674,77.48844714717023,137.96973296369973,67.0722318767267,87.90466241761376
0608,349,77.176392522576,131.54608811679284,63.37505123308239,90.9777338120696
2951,388,77.06737191436325,503.14887182065263,27.00208471991141,127.13265910881509
0736,120,76.87963186191243,136.35145508911575,52.48326107959841,101.27600264422645
7945,1202,76.69890687537173,234.89299742507407,63.419645860377216,89.97816789036625
1035,283,76.19235701444383,163.55231352211106,57.13689226426672,95.24782176462094
1471,232,76.04253289473638,173.7366057061432,53.6860536213552,98.39901216811757
4071,1823,75.82688407173072,1424.7991366596727,10.421066255561357,141.23270188790008
0208,1043,75.61035566020443,394.0710468096044,51.6943611700419,99.52635015036697
1867,140,75.3406666666663,124.04407421672813,54.79273675543327,95.88859657789932
1827,198,74.07144596502626,176.62556128382525,49.46907111930969,98.67382081074282
2195,77,74.056626794258,150.10148552444264,40.529549231343566,107.58370435717242
7501,864,74.01345247358954,127.12828964744351,65.53646767695615,82.49043727022293
0465,372,73.7788780418785,117.10912375440374,61.87810061601714,85.67965546773986
0029,385,73.59423641214435,147.9233683186635,58.8180454866707,88.37042733761801
4491,198,73.49435573905397,996.6027062661009,-65.32356604755621,212.31227752566417
0300,3119,73.2385461530088,754.0545300906937,46.77481125307163,99.70228105294596
1939,647,73.03963355311384,1427.3590928474948,-36.94630800543011,183.02557511165782
1779,692,72.78129789611268,807.9016533427249,12.58614512102747,132.97645067119788
1457,160,72.67677679329321,124.14649758510508,53.44007769411847,91.91347589246796
2619,136,72.62652297846093,115.62431988874503,53.193703854856,92.05934210206586
3652,137,72.61100897833224,119.9015288219873,52.53300627141393,92.68901168525053
8190,54,72.44547936972037,143.6829362655618,34.1220481448811,110.76891059455966
9869,845,72.33016328536843,164.98285271400022,61.206021244921246,83.45430532581561
8446,120,72.01240497075977,123.05013621682464,49.99594210281394,94.02886783870561
1003,100,71.8041578947365,117.32650278676358,48.80816334853084,94.80015244094217
2231,50,71.8041578947365,117.92358808200073,39.11740692724082,104.49090886223219
9325,297,71.77225677830903,133.8639419097739,56.54781224487551,86.99670131174254
0721,120,71.52954678362534,183.225611996546,38.74632518791418,104.31276837933649
2754,90,71.41958243727548,112.58160667701182,48.159981520891066,94.6791833536599
6140,158,71.18160847965116,292.80767339430554,25.524334103099136,116.83888285620318
0475,262,71.04341359122954,179.53260258808078,49.30395358174007,92.782873600719
1666,133,70.9631143861347,167.3417539109295,42.52278857190621,99.4034402003632
1640,909,70.87707018664474,753.1676574176263,21.914321319844944,119.83981905344454
6241,77,70.87118819776673,115.02230428164039,45.179492318529554,96.5628840770039
0316,3621,70.85825726980028,177.37272205131325,65.08090778307808,76.63560675652248
7745,388,69.7975628455627,154.87586454751136,54.38680656183588,85.2083191292895
7460,447,69.64353625418649,593.6439053978052,14.609885519891236,124.67718698848174
2530,765,69.46176871918314,156.41202534474704,58.37779484549926,80.54574259286701
1000,210,69.35211361737643,114.03359266908937,53.92874525520982,84.77548197954304
5614,80,69.13983294425529,152.38438537421462,35.74713219244097,102.5325336960696
1421,205,68.85522681704205,122.99929006361883,52.01756643148009,85.69288720260401
0746,66,68.7954736670606,108.49120903237065,42.6209580982885,94.96998923583271
7103,702,68.44949592445788,186.39408802551134,54.66091257324585,82.2380792756699
7782,96,67.46884072580616,168.05908220853175,33.8500225516123,101.08765890000002
0455,56,67.30591232545618,126.86566862881617,34.07776169474442,100.53406295616793
2835,110,66.99463317384327,94.45142091711337,49.34367749011425,84.64558885757228
4062,128,66.62354991319407,142.7436552081761,41.894473303775406,91.35262652261272
9730,165,66.54136479394924,105.02849520976284,50.51550855892515,82.56722102897334
7550,1534,65.99809636990408,1100.4971007870058,10.925913048015701,121.07027969179245
0129,150,65.6003859649119,104.31063403906424,48.90720785964125,82.29356407018254
2890,724,65.41602960584905,162.22598152708423,53.599030606897344,77.23302860480075
8170,88,65.35142228738947,109.6592049538636,42.439589657262054,88.26325491751689
4133,615,65.3029991575119,1689.2940304765061,-68.21006428240788,198.8160625974317
0453,130,65.09920176993316,111.20962841285096,45.98189167089859,84.21651186896773
5100,924,64.90524328047363,1216.2434255052983,-13.517240202425256,143.3277267633725
2507,60,64.81180116959023,113.93903712595369,35.98124694250404,93.64235539667641
4011,948,64.60273153453363,1396.5843039136146,-24.3008095260561,153.50627259512336
7493,1054,64.5997806046069,836.7620827652992,14.082756583941425,115.11680462527238
1809,1205,64.55864628033702,1259.457574807753,-6.553877277417499,135.67116983809154
4059,1381,64.50129845652302,1126.7709761087885,5.072782700588498,123.92981421245753
8599,55,63.87339712918619,384.28460540307515,-37.68777708973566,165.43457134810802
0931,130,63.853991902833656,155.09451705041644,37.19272147662842,90.51526232903889
4170,500,62.914772788220105,984.5072022927153,-23.3810883354341,149.2106339118743
2740,91,62.74453245396349,98.70783206823641,42.46364342388964,83.02542148403734
1127,126,62.72161793372278,132.77907145996775,39.53697423532136,85.9062616321242
0006,220,61.961970893141526,553.6472397348728,-11.198732111809818,135.12267389809287
0380,66,61.444202551833726,105.12454993355881,36.08192487572171,86.80648022794574
0382,90,61.39447236370456,94.82318614014204,41.803799141503234,80.98514558590588
9301,817,60.95534416914436,630.9508195379211,17.689961239881242,104.22072709840748
1085,1242,59.87900951004598,610.1188798128507,25.94698768602577,93.8110313340662
0388,104,59.74621710526275,103.26490435844046,39.89934144583502,79.59309276469048
7540,179,59.50047695227692,106.8863478148267,43.841917922870344,75.15903598168349
9447,90,59.323306627679926,92.68711516693232,40.173950240727464,78.47266301463239
5380,132,59.31662293563775,716.5503331684497,-62.92407138915554,181.55731726043103
7000,78,59.22205658583982,326.59147923873934,-13.257181586070033,131.70129475774968
0333,457,59.01113130382462,576.6621042999852,6.139904984657875,111.88235762299136
0422,108,58.538166666666335,94.69629453519637,40.678342493888806,76.39799083944386
0609,219,58.23010934871383,85.59323950024249,46.89375330006565,69.56646539736201
3201,1196,58.217719681886734,787.9154394191313,13.562719835089872,102.8727195286836
1047,1668,57.74194590337869,1074.0732207506555,6.196305827760639,109.28758597899674
1685,369,57.65070537388985,1058.4705678099856,-50.34877716930299,165.6501879170827
4125,96,56.69953115862531,98.85726270751537,36.92395999348804,76.47510232376258
4144,324,55.88334795321601,1033.8422167724152,-56.69058231755809,168.4572782239901
8005,520,55.84555174459053,147.2561892501332,43.18863402049709,68.50246946868397
1458,832,55.72115512834077,727.800157568339,6.266571076891751,105.17573917978979
0318,1936,55.6151351148462,1345.681773319614,-4.328871151209327,115.55914138090172
0745,132,55.21116427432173,77.44834532821189,41.998778390186835,68.42355015845662
4449,1027,54.38406792074108,1349.658698127085,-28.161699121110424,136.9298349625926
0120,1480,54.30334997285013,1171.8924500566845,-5.4019617263311375,114.0086616720314
7888,466,53.23043267650956,120.72675715709501,42.269016976661135,64.19184837635798
4061,851,52.391919240003865,1257.4521187651756,-32.09369157721381,136.87753005722155
1541,669,52.16092750500528,1332.3262298612306,-48.800060172488024,153.12191518249858
0469,130,52.1019298245608,73.28466223053343,39.504049287067524,64.69981036205408
0837,80,51.89084316638311,113.64099758533608,26.988161594476416,76.79352473828979
9300,1122,51.26403712042992,816.3717328626175,3.4948774347089255,99.03319680615091
0402,560,50.92962834505582,468.16172469368775,12.154078739516578,89.70517795059506
0320,729,50.493945990468006,309.59498336387634,28.01964349442365,72.96824848651237
0472,2343,50.04147739415881,1121.8031038516767,4.617353015002898,95.46560177331472
0459,477,49.86154796057191,672.6101522248714,-10.499990459879733,110.22308638102356
2420,172,49.63360740514038,76.10092337386972,38.26043102994427,61.00678378033649
0037,459,49.61504205643737,1074.3033507607722,-48.66756291352059,147.89764702639533
5000,928,49.469929083736766,1430.7956604753467,-42.5876813370756,141.52753950454914
7780,2349,49.256245543647495,1026.7590054084546,7.733784761215659,90.77870632607933
4340,3607,49.10067265525236,2041.636237209479,-17.528031312304925,115.72937662280964
2744,1030,47.87073497544852,545.7706647765864,14.539788392083175,81.20168155881387
8580,554,47.2364965236395,1103.148728779905,-44.62536837915209,139.0983614264311
7766,305,46.83651069238366,102.20845828349111,35.36572967106422,58.3072917137031
2840,101,46.63971686642309,148.56995519942424,17.664521235256316,75.61491249758987
1818,2396,46.63707578933867,1461.9851517867899,-11.903316226405707,105.17746780508304
0400,5608,46.59018420582615,1291.5110986120092,12.787576013448039,80.39279239820425
1984,945,46.31397787222033,1014.4577670966247,-18.366636843416067,110.99459258785672
0164,186,46.14414214299141,949.1949882168341,-90.26863033944021,182.55691462542302
8160,241,45.672116862002326,64.99234136044178,37.46652838088619,53.877705343118464
3935,315,45.6336451163747,1092.7036644181767,-75.03743329931248,166.3047235320619
2170,278,45.49565185227478,358.388147059194,3.366054228142879,87.62524947640668
2007,297,45.48343568680533,95.65401647206349,34.60463406627171,56.36223730733895
0993,180,45.388137332578225,270.75989627090956,5.832885134598577,84.94338953055788
0152,5993,44.66789854520321,1944.6913811775935,-4.568312200667151,93.90410929107357
1875,400,44.1281953802851,1048.11872085738,-58.587439263738126,146.84383002430832
1522,2330,44.11216850662994,888.2137881539206,8.046364231988477,80.17797278127141
0064,310,43.63923712507028,1086.303369362582,-77.28861830046972,164.56709255061028
2092,825,43.15630872084869,1255.7131278882068,-42.531597638537285,128.84421508023468
1057,1376,42.83564115141755,1794.25335551134,-51.96922327422017,137.64050557705525
1632,1940,42.333492656913485,1364.4835695086942,-18.385354451340078,103.05233976516705
7530,983,41.063275195557964,373.48427311035294,17.715170532915426,64.4113798582005
4137,4543,40.21837753724732,2129.7115540999507,-21.71225132395385,102.14900639844849
5201,341,40.211585166799786,1417.3496752070184,-110.22583958423033,190.6490099178299
0379,80,39.46594298245553,52.16437764784882,28.034919728848596,50.89696623606247
8240,198,37.98393775473993,426.00213396880645,-21.354382864290002,97.32225837376986
4005,218,36.31192463253403,311.38511183151,-5.023810763682214,77.64766002875027
2410,2194,35.95818633530348,1606.9116763987986,-31.28213283481095,103.19850550541791
0510,306,35.924782421740254,703.6611312401094,-42.91745135086433,114.76701619434485
0314,2789,35.80550726122452,1791.1689509108814,-30.67102654709332,102.28204106954236
4023,2710,35.060084651680576,1781.429742818223,-32.01174057379995,102.13190987716109
0299,16731,34.84390144449131,1466.699916912108,12.619176790160104,57.06862609882251
7750,5324,34.35304193283676,2344.5403302366067,-28.62581236159093,97.33189622726445
0557,535,32.048557245061716,1238.2172940711716,-72.87573437390157,136.972848864025
2040,590,31.733793921197655,1281.9830794640804,-71.71188603995866,135.17947388235396
0365,240,31.07908810916125,260.7747854459297,-1.913474328173411,64.07165054649592
4056,1813,30.49180765188775,1920.3068103772878,-57.903210931762175,118.88682623553768
7405,10731,30.22798962393324,1369.3989483094745,4.3180760751508345,56.137903172715646
0201,690,28.176457277133533,1153.9801880759494,-57.92884164253084,114.28175619679791
2014,992,28.075164412416786,1855.3229170392058,-87.3816961718513,143.53202499668487
0742,1378,28.028957327313325,1144.7820997133822,-32.41519516431471,88.47310981894135
0555,1527,27.804765405496322,1833.8052558051295,-64.1744638243065,119.78399463529915
2090,2093,27.729772444696,1473.705601932124,-35.406973048226135,90.86651793761813
1803,1222,27.0221348596903,1490.4405363175588,-56.54492491208035,110.58919463146094
4060,1325,26.923524133543015,2128.0747427798806,-87.66338620939364,141.51043447647967
0161,362,26.72415283887806,1178.877017095319,-94.71823197211955,148.16653764987566
0360,2151,24.218913551856602,1636.7477122926487,-44.951059859402875,93.38888696311608
0162,2083,24.031750645196166,1709.8112066443407,-49.395893690549784,97.45939498094212
1021,1164,23.618918494255812,1761.56743449317,-77.58069509632105,124.81853208483267
0470,7052,23.46440486807378,1592.5716285803305,-13.706137160324431,60.63494689647199
6835,372,23.21360652297318,1861.233959053822,-165.92734487383342,212.35455791977978
2001,1272,23.042678228282714,1780.5593087508967,-74.8091535192917,120.89450997585712
7941,674,21.054295501604134,804.911470632985,-39.71360606393961,81.82219706714788
4030,830,19.761441455416175,2157.7252332077733,-127.03420153191841,166.55708444275075
3250,376,18.94416263440818,1218.7852247627916,-104.24977295936273,142.1380982281791
1022,5367,18.940746012329743,2598.3503758977226,-50.57576820573263,88.45726023039211
4110,981,18.828001702078048,2492.7195587911215,-137.16136288412912,174.8173662882852
4004,1372,16.984855229746167,2816.2820382341697,-132.03878266996804,166.00849312946036
7100,5906,16.430814350044464,2054.354658221726,-35.96357356707338,68.82520226716231
3670,393,16.29418356179342,954.4064475020621,-78.06695245306737,110.65531957665421
1460,602,15.080439033630281,1790.4010192307846,-127.94330482141024,158.1041828886708
0407,1354,14.559721153473328,1590.8252720665255,-70.1765250242406,99.29596733118727
4091,2963,13.53773193645585,1963.029414394081,-57.14560639955764,84.22107027246935
4132,188,11.457916832231323,1563.06792817823,-211.97903542103086,234.8948690854935
0182,1255,10.892109517914673,2035.392057753873,-101.7192713643827,123.50349040021206
0338,1481,10.106803164550982,1666.8556332926473,-74.78710540154879,95.00071173065075
1619,1039,9.68881810612256,2849.670603737529,-163.58899570101363,182.96663191325877
9499,154,9.65121667805831,675.6773143415892,-97.0661373707615,116.3685707268781
4339,403,7.864624957812039,1546.746343744917,-143.1512650089939,158.88051492461796
0458,8392,7.598011604596404,2122.2836110566627,-37.80940082798457,53.00542403717737
0175,297,7.016197953882881,1725.4897566346067,-189.22502069032342,203.25741659808918
1441,536,7.0060073690683575,1947.892467735673,-157.90082696278304,171.91284170091976
0450,1402,5.583376998922601,1535.3325213300652,-74.78487336967493,85.95162736752013
1804,1651,5.222809332055833,3489.944834118529,-163.12252977820265,173.56814844231434
8301,682,3.839876061396856,1177.5698668592931,-84.53942606289807,92.21917818569177
8020,2864,2.448808281972366,3292.010030548358,-118.11881902166517,123.0164355856099
0190,1862,2.373441286855536,2855.8497202500457,-127.34495875650332,132.09184133021438
8060,423,2.2060748235835006,2160.162607142839,-203.65409738872367,208.06624703589065
7570,3703,2.19832208698066,3985.275002553883,-126.1639838968787,130.56062807084
0902,4812,1.1036815523244405,2767.882628238417,-77.10247302120104,79.30983612584993
0309,1403,0.9145338109791782,1730.285415847344,-89.6264028596857,91.45547048164406
7441,3166,-0.3050726782466453,1827.5691729363373,-63.96621686266711,63.35607150617382
1813,1026,-0.4385833364462949,1864.3236507138354,-114.5170565274909,113.6398898545983
1682,596,-0.7226911736683448,1493.929819404254,-120.66244069064697,119.21705834331027
1059,1914,-1.038670142814833,2847.517321666067,-128.60952895998898,126.5321886743593
0002,653,-1.5674871551877312,1731.507758613871,-134.37539114933313,131.24041683895766
0430,468,-2.2547968398564966,1756.2485728118816,-161.3727300731646,156.86313639345158
1550,772,-2.633483462333369,2794.509282344923,-199.76359957277342,194.49663264810667
1724,4607,-2.7082628462022753,2004.3245460668495,-60.58646206759479,55.16993637519024
1811,1071,-5.40851499547854,1425.5748740366032,-90.78757483160688,79.9705448406498
4401,249,-6.550254362100778,1661.8514701721062,-212.96874753599346,199.86823881179188
6213,1447,-6.581971228132653,1506.7638743044422,-84.21866011162797,71.05471765536265
0125,808,-6.668009773115689,1639.0603135821636,-119.6854133786404,106.34939383240904
3170,1609,-6.711009618716264,2992.8104433279645,-152.94800654568323,139.52598730825068
7144,495,-7.298646293152526,1981.2157394489889,-181.83473582189765,167.2374432355926
0700,662,-8.442863331582453,1734.356686371405,-140.56192956635837,123.67620290319346
2000,90934,-8.939661139109917,2382.3199387568666,-24.424012208486804,6.544689930266969
0001,2848,-10.78904176569187,2885.227169847292,-116.75493225955896,95.17684872817523
2091,913,-14.014739671657194,2459.865583561185,-173.57769036423338,145.54821102091898
8001,197,-14.05362967144432,1222.7041239696996,-184.79719087959356,156.6899315367049
3610,4961,-15.671625178163344,3951.41044090467,-125.6288071155375,94.28555675921082
1618,448,-18.13176294158057,2450.9000386530142,-245.08828261098694,208.8247567278258
0184,297,-18.529405289318017,1848.0184270359598,-228.70589970433707,191.64708912570103
7455,1486,-18.659664467654505,2495.1868091309702,-145.5269747548572,108.20764581954819
1425,56,-18.74532894736942,1321.489533959652,-364.8646042872904,327.3739463925515
2876,828,-19.42053621616406,3037.8846345223765,-226.34516283270258,187.50409040037445
7784,13560,-20.787464934558816,3975.5922206382124,-87.70317005923823,46.12824019012061
8000,8855,-21.079078433946005,4616.783581023613,-117.24059531060085,75.08243844270883
0044,330,-21.41253715222449,2271.120765911709,-266.4538607627168,223.6287864582678
0122,27898,-22.29730639357688,3212.3441421351126,-59.992988121819565,15.398375334665811
0186,1084,-23.185084233741662,2117.090767152967,-149.21710753263562,102.84693906515231
0474,1373,-26.390658475928866,1907.404151002392,-127.28423704138112,74.50292008952337
1868,2084,-26.454432157345966,2729.5544739404772,-143.64670578698795,90.73784147229601
4360,6555,-26.533591104194123,3892.191481530761,-120.7581083752005,67.69092616681223
5660,217,-27.195671162818908,1658.6872589363356,-247.88976615662622,193.4984238309884
3000,462,-28.531713355358438,3077.3839587826938,-309.1505172874802,252.08709057676336
1759,1177,-28.645671883892533,2704.7188037800393,-183.16754366566107,125.876199897876
7800,1769,-28.674973483955316,2470.9366092502714,-143.82227344046072,86.47232647255008
4359,2130,-28.946065218678317,2833.5652389249594,-149.28314984801477,91.39101941065815
2062,140,-30.057449349179958,1280.9498357836114,-242.24708929521748,182.13219059685755
3624,382,-31.091140810140985,1663.0255111501463,-197.8632039045482,135.68092228426622
4145,200,-31.633006228070588,1857.9910819843083,-289.13743254529663,225.87142008915544
4000,3301,-32.03213313247617,3273.699155345309,-143.71127688406077,79.64701061910844
2196,7277,-32.40020304885644,6022.517177101001,-170.77529779143237,105.97489169371948
8051,467,-33.77218677781735,2012.9833858492493,-216.34572053838426,148.80134698274955
4068,5176,-34.522012388559865,2358.746103185224,-98.78192538559125,29.737900608471513
1020,1570,-35.45548342951804,2793.597190443486,-173.6433876819633,102.73242082292722
7947,367,-35.51857105003613,2273.095377018195,-268.08161220807136,197.04447010799913
0305,876,-36.50229104808384,2088.6492199738914,-174.81736918161013,101.81278708544247
0477,312,-37.36790513945166,2111.3310953682303,-271.6478527940101,196.91204251510678
4380,351,-37.48607337431924,3287.432785050074,-381.40762789153024,306.4354811428918
1030,965,-40.33269697183003,1757.4316307887898,-151.21719975137376,70.55180580771368
3855,233,-40.79784762693588,2394.6016628367306,-348.273966538081,266.67827128420925
4051,5256,-41.17470780681123,4197.985433383606,-154.66777166136225,72.3183560477398
0200,1285,-41.4057393673617,3898.9022381922537,-254.58593345200424,171.77445471728086
2066,330,-42.477554585327404,2532.79225340977,-315.75177915382363,230.7966699831688
4105,380,-43.42271042951222,2417.140564231787,-286.4562319286856,199.6108110696612
8017,2028,-43.87893873574192,2795.070894399163,-165.52972601418315,77.7718485426993
7764,2144,-45.30179586761145,1953.4549049430914,-127.99066851330278,37.387076778079866
7140,2890,-47.06672275897578,3390.6844505477143,-170.68836954526267,76.5549240273111
0335,641,-48.98035424604021,2445.901238396597,-238.33064377877812,140.3699352866977
0277,331,-49.0447741661925,2499.147554985908,-318.28129698522935,220.19174865284435
1852,950,-49.39125254851275,3773.837152300247,-289.3725651257014,190.5900600286759
4094,834,-51.5190354308439,2648.6501815267247,-231.28093513269366,128.24286427100586
1039,670,-51.83433578823526,3491.8793783561337,-316.2443522840597,212.57568070758919
5322,724,-54.802731241077176,3684.558096743644,-323.196356793158,213.5908943110036
7793,1110,-55.1944142414065,3544.710010095887,-263.72765553538824,153.33882705257525
1774,391,-59.54624594093962,3117.772970234304,-368.58445636753925,249.49196448566
4037,4955,-59.80623489721326,4811.528630310739,-193.779245336364,74.1667755419375
1060,2341,-59.861937361973375,2610.1061250196294,-165.59566178476234,45.87178706081559
0311,286,-60.07665666789386,2584.573872454336,-359.62160821771784,239.4682948819301
1401,694,-60.54740066234224,3485.757549941558,-319.8897930552392,198.79499173055473
0404,786,-61.416397242310964,2641.798128966996,-246.10684177095078,123.27404728632887
3630,1399,-61.52041435175626,6135.235040690018,-383.01852074936266,259.9776920458502
5090,395,-61.536276335728786,3427.7795043435767,-399.5780729592336,276.505520287776
4065,682,-61.751153032875756,2150.158156486681,-223.1254227685498,99.62311670279831
3815,137,-61.94993287315315,1769.6585774339742,-358.28651887942675,234.38665313312043
2499,362,-62.05266384192589,3160.1225165918086,-387.5936737561181,263.4883460722663
0157,693,-62.88967813704511,3362.6064469334683,-313.24999661534133,187.4706403412511
0177,708,-63.21334884394528,2004.5495610393145,-210.87109696196674,84.44439927407618
6212,1705,-63.358980209452184,5870.53932209013,-342.01721462481333,215.299254205909
4063,1782,-63.71715271097256,3080.123818580079,-206.72846659842722,79.2941611764821
4092,3231,-66.21595895604993,5544.077971210763,-257.3847183874601,124.95280047536026
0139,110,-67.50504944178677,1398.982397801429,-328.9450157878712,193.93491690429772
1754,1969,-68.0018647458758,4904.555181206507,-284.6389672654929,148.63523777374127
2056,426,-68.86263922432964,3555.834547567759,-406.53290286984816,268.80762442118885
4200,719,-72.53545364600461,2908.4319604259813,-285.12922417372033,140.05831688171114
4057,1066,-74.8500718163253,3462.3482822253304,-282.69920660272294,132.99906297007237
1426,853,-77.23304267238869,4324.142061379183,-367.42241905806617,212.95633371328876
0021,401,-81.21736542909885,3317.5102344736547,-405.92773381041025,243.49300295221258
1455,351,-82.12434536245688,3110.206613131981,-407.5050187324123,243.2563280074985
1548,155,-89.54325163846185,1803.3506384337768,-373.4465251958814,194.36002191895767
0449,676,-95.89175625271827,2793.3420322419606,-306.46677099095837,114.68325848552183
2745,285,-96.62893009263442,2474.5829026704023,-383.92894553508984,190.67108534982097
4001,3907,-97.95478341234751,4602.049666188973,-242.26120819215498,46.351641367459976
0737,287,-98.32137067407238,3068.354329883109,-453.31506019508475,256.67231884693996
0708,387,-100.44121836892036,2958.8653380935575,-395.2400711613518,194.35763442351106
0302,5273,-101.84685057575997,5167.1725200587525,-241.31664076580955,37.62293961428962
1700,620,-103.6735590850178,3090.7716933961024,-346.9651804903426,139.61806232030705
1126,70,-109.28596634443268,1768.211528816454,-523.5156996373138,304.94376694844846
0456,135,-116.58152609720283,2494.9913337518005,-537.461467735492,304.2984155410863
1874,922,-117.01736573380171,2831.113372663652,-299.7633624571263,65.72863098952283
7785,3067,-117.56700892217992,5956.939103677023,-328.392122905073,93.25810506071315
4052,1693,-118.78639197104266,3550.070264862815,-287.89454303505187,50.321759092966545
1454,160,-119.65157501827511,2376.77548838838,-487.93675249642695,248.6336024598767
4099,1726,-124.07769096855793,6625.103571811363,-436.63405619416636,188.4786742570505
1865,627,-128.4227734949356,3757.2280017761427,-422.51927028173446,165.67372329186327
4087,97,-132.25124609634062,2135.5609803547313,-557.2446418515257,292.74214965884437
6000,366,-137.80245752425358,4721.390063432685,-621.5128411746956,345.9079261261884
4820,745,-145.59086723332996,6631.811895661232,-621.813612647428,330.63187818076807
4069,637,-146.69412936808556,3305.7495322152517,-403.4121173548619,110.02385861869078
1024,350,-148.82409273182986,4667.256780334839,-637.795815358927,340.14762989526724
7160,525,-149.7061998833116,6039.673747297739,-666.3484261201286,366.93602635350544
7450,965,-156.27240329285843,4399.620627595922,-433.8648496576913,121.32004307197445
0005,360,-161.91687719298312,2674.8970712624932,-438.2366074152879,114.40285302932165
7783,522,-163.82777479018426,5685.176003879248,-651.5412265395807,323.88567695921216
2063,72,-167.00836002248082,2332.909905727257,-705.883055339905,371.8663352949434
1863,5136,-169.47850505690784,5159.092518398213,-310.57521269334677,-28.38179742046887
2351,242,-174.23429021266895,3208.5612096382197,-578.4923777405872,230.0237973152494
0631,239,-174.8686792548253,3522.5945568404654,-621.4697711738772,271.73241266422656
0920,300,-183.13085526315822,4004.521312892122,-636.2851010260348,270.0233904997183
2094,280,-185.34659836457558,4996.668249600429,-770.618361005549,399.9251642763978
3350,104,-189.27968117408957,2780.4456337892,-723.6641278014546,345.1047654532755
1431,1297,-189.65181328674612,8596.950794810464,-657.5275504185072,278.223923845015
2194,735,-190.65467584860767,4719.177562532827,-531.8308698550009,150.52151815778558
4310,510,-194.18120511150363,4900.566617817962,-619.5026500549093,231.14023983190208
0467,90,-207.69176413255425,2463.2553374246727,-716.6055893546871,301.2220610895787
1949,64,-208.7598578673254,2646.0331182650893,-857.0379718422723,439.5182561076215
2143,352,-209.851398778996,2610.6895064119212,-482.58582652405335,62.88302896606129
7802,468,-217.77676878092717,4394.384439339094,-615.9125342100403,180.35899664818595
0303,1212,-225.39915089570007,8531.96846334929,-705.7449566792201,254.94665488781993
0183,1095,-226.4192073531399,5322.013782054945,-541.6473670993914,88.80895239311164
2031,372,-229.97475246048154,4402.278541242185,-677.3398714740955,217.3903665531324
0181,137,-236.21348421383126,2172.1408374253815,-599.9473752001911,127.52040677252856
2093,994,-238.03572964214305,7964.160950222606,-733.1471082839835,257.0756489996974
1540,160,-244.3840026734346,4222.731674168482,-898.7030545407466,409.9350491938775
1947,89,-250.7072822787309,2912.8071917749476,-855.8708941158807,354.45632955841893
1739,674,-255.72018910844494,6853.3001373036095,-773.1195346728549,261.67915645596497
4027,121,-271.90560996132075,3193.514200396909,-840.9317765774972,297.12055665485576
1507,100,-274.8321974310782,3809.7756167654725,-1021.5482183171107,471.8838234549543
4031,367,-275.76667495681755,3914.5506760285434,-676.268923647614,124.73557373397887
7700,160,-282.8826993621493,2804.6166794955006,-717.4625562364571,151.69715751215847
7581,263,-285.15341377676094,3539.622653761696,-712.9478806340128,142.64105308049085
0179,797,-289.06710714131066,8509.853857881591,-879.8787056181269,301.7444913355056
2198,1409,-290.10640398099883,7244.1122841792485,-668.362336428135,88.14952846613738
3609,100,-321.7804863610642,4641.039829043384,-1231.4242928535675,587.863320131439
6836,160,-331.3174605263162,5603.456465629336,-1199.5820353746162,536.9471143219837
7975,1602,-333.65735965035987,11617.510509725644,-902.5599215701063,235.24520226938654
2037,1714,-342.3377041453401,5654.034071751814,-610.0134884307247,-74.6619198599555
2191,164,-344.1321641378076,5549.629914895158,-1193.5046134185548,505.2402851429396
7751,261,-346.56125477300975,5719.408465585075,-1040.4453477101588,347.3228381641393
0031,135,-351.96267056530303,3644.9806517699394,-966.8342427573994,262.9089016267933
1834,220,-371.2210164891702,4836.235120528065,-1010.296470896755,267.85443791841453
5700,99,-399.4849048492856,5017.803957131962,-1387.9291192383732,588.959309539802
0945,132,-405.1320122275386,5631.5600703049,-1365.854213111673,555.5901886565957
0307,442,-408.1268272591779,10370.18698139631,-1374.9154340022546,558.661779483899
3700,499,-422.7423882176471,11752.284333262372,-1453.9072102134355,608.4224337781415
4680,451,-451.4043560019436,12211.284321568792,-1578.4179218570475,675.6092098531603
1501,136,-472.6815264017894,5320.141701643452,-1366.8303654995104,421.4673126959315
4171,430,-484.0492798857616,6226.919353718367,-1072.6151637484436,104.51660397692046
2157,427,-489.7425266428694,6525.002507606461,-1108.645852856284,129.160799570545
1791,287,-501.54102138706406,10205.683099296823,-1682.288975499534,679.2069327254057
4058,320,-509.31203795274405,8357.390284371306,-1425.0089846799203,406.38490877443223
7133,198,-522.6472496755905,6338.045127858497,-1405.4807472239543,360.18624787277327
1610,255,-529.3797742673701,10174.390317825551,-1778.1840456121372,719.4244970773971
0198,272,-653.9811216252211,9622.297474980314,-1797.5185884913617,489.55634524091954
1665,80,-659.2184949066212,6493.327799630974,-2082.1316862026924,763.6946963894501
0081,603,-661.0651747018542,11290.155900194295,-1562.2157290767489,240.0853796730405
9323,55,-718.8136682615633,5966.004419301903,-2295.547176969351,857.9198404462242
2070,54,-743.4864084868686,6436.121623907016,-2460.143033269529,973.1702162957918
3651,70,-752.3117561314,7332.2899395672175,-2470.009246841676,965.385734578876
1805,165,-944.3629625953944,13020.00528048751,-2931.0307939074423,1042.3048687166538
4008,83,-970.8676908085137,8902.157008444987,-2886.059496442753,944.3241148257254
5050,175,-1080.9631554339749,15199.474258093884,-3332.9487764012606,1171.0224655333109
1751,77,-1221.0908424470267,11358.423708098207,-3758.139368804499,1315.9576839104457
9756,99,-1500.4689965300975,15776.648448359378,-4608.27014110584,1607.332148045645
2920,55,-1613.1773125996797,8427.336965003818,-3840.407406312572,614.0527811132129
0046,0,,,,
0049,0,,,,
0066,0,,,,
0143,0,,,,
0154,0,,,,
0192,0,,,,
0196,0,,,,
0258,0,,,,
0284,0,,,,
0286,0,,,,
0322,0,,,,
0325,0,,,,
0331,0,,,,
0340,0,,,,
0356,0,,,,
0371,0,,,,
0466,0,,,,
0479,0,,,,
0495,0,,,,
0690,0,,,,
0748,0,,,,
0751,0,,,,
0802,0,,,,
0827,0,,,,
1026,0,,,,
1027,0,,,,
1038,0,,,,
1154,0,,,,
1250,0,,,,
1342,0,,,,
1372,0,,,,
1462,0,,,,
1519,0,,,,
1612,0,,,,
1620,0,,,,
1630,0,,,,
1748,0,,,,
1807,0,,,,
1884,0,,,,
1914,0,,,,
1932,0,,,,
1963,0,,,,
1980,0,,,,
2010,0,,,,
2017,0,,,,
2018,0,,,,
2019,0,,,,
2021,0,,,,
2055,0,,,,
2128,0,,,,
2192,0,,,,
2210,0,,,,
2470,0,,,,
2500,0,,,,
2502,0,,,,
2531,0,,,,
2571,0,,,,
2620,0,,,,
2766,0,,,,
2841,0,,,,
2869,0,,,,
2952,0,,,,
3080,0,,,,
3150,0,,,,
3242,0,,,,
3257,0,,,,
3290,0,,,,
3300,0,,,,
3381,0,,,,
3612,0,,,,
3616,0,,,,
3650,0,,,,
3655,0,,,,
3680,0,,,,
3740,0,,,,
3750,0,,,,
3802,0,,,,
3837,0,,,,
3882,0,,,,
3887,0,,,,
3910,0,,,,
3915,0,,,,
3965,0,,,,
4016,0,,,,
4019,0,,,,
4025,0,,,,
4053,0,,,,
4067,0,,,,
4148,0,,,,
4150,0,,,,
4184,0,,,,
4455,0,,,,
4810,0,,,,
4811,0,,,,
5070,0,,,,
5099,0,,,,
5143,0,,,,
5185,0,,,,
5200,0,,,,
5326,0,,,,
5435,0,,,,
5455,0,,,,
5687,0,,,,
6070,0,,,,
6105,0,,,,
6229,0,,,,
6350,0,,,,
6570,0,,,,
6571,0,,,,
6655,0,,,,
6705,0,,,,
6720,0,,,,
6810,0,,,,
6838,0,,,,
6840,0,,,,
7280,0,,,,
7340,0,,,,
7350,0,,,,
7439,0,,,,
7456,0,,,,
7463,0,,,,
7560,0,,,,
7569,0,,,,
7571,0,,,,
7582,0,,,,
7583,0,,,,
7626,0,,,,
7646,0,,,,
7760,0,,,,
7763,0,,,,
7788,0,,,,
7789,0,,,,
7790,0,,,,
7801,0,,,,
7925,0,,,,
8149,0,,,,
8460,0,,,,
8584,0,,,,
8586,0,,,,
8701,0,,,,
9720,0,,,,
9745,0,,,,
